{
  "recall@5": 0.43333333333333335,
  "recall@10": 0.7333333333333333,
  "mrr": 0.24305555555555552,
  "ndcg@10": 0.3586382591362748,
  "num_queries": 30,
  "commit": "local"
}