{
  "recall@5": 0.18888888888888888,
  "recall@10": 0.38666666666666666,
  "mrr": 0.20164550264550266,
  "ndcg@10": 0.22724036118721413,
  "num_queries": 75
}