{
  "recall@5": 0.20888888888888887,
  "recall@10": 0.37333333333333335,
  "mrr": 0.20842328042328043,
  "ndcg@10": 0.22904174054441961
}