{
  "recall@5": 0.16666666666666666,
  "recall@10": 0.40444444444444444,
  "mrr": 0.1554973544973545,
  "ndcg@10": 0.21052940179364435,
  "num_queries": 75,
  "split": "dev"
}