{
  "recall@5": 0.4,
  "recall@10": 0.7066666666666667,
  "mrr": 0.2275978835978836,
  "ndcg@10": 0.3395001456508584,
  "version": "v1.0-dense-baseline-clean"
}