{
  "recall@5": 0.18,
  "recall@10": 0.3933333333333333,
  "mrr": 0.14864021164021163,
  "ndcg@10": 0.2036774826343353
}