{
  "recall@5": 0.4,
  "recall@10": 0.7333333333333333,
  "mrr": 0.22911640211640208,
  "ndcg@10": 0.3465505075305411
}